Date,ProductionVolume,TruckCount,ExcavatorCount,OperatorCount,Weather
2021-01-03,152.26,58,14,26,Cloudy
2021-01-10,166.18,48,16,41,Sunny
2021-01-17,101.95,34,8,20,Cloudy
2021-01-24,117.53,27,15,34,Sunny
2021-01-31,123.41,40,14,20,Cloudy
2021-02-07,161.14,58,15,33,Cloudy
2021-02-14,108.76,38,8,21,Cloudy
2021-02-21,136.79,42,18,35,Light Rain
2021-02-28,100.48,30,17,34,Cloudy
2021-03-07,79.99,30,10,24,Light Rain
2021-03-14,156.41,43,14,41,Sunny
2021-03-21,179.95,55,23,40,Cloudy
2021-03-28,183.09,59,23,22,Sunny
2021-04-04,156.52,43,24,29,Cloudy
2021-04-11,112.16,22,9,34,Cloudy
2021-04-18,132.62,41,8,40,Cloudy
2021-04-25,116.37,21,23,30,Cloudy
2021-05-02,150.51,43,19,40,Sunny
2021-05-09,137.81,49,12,42,Cloudy
2021-05-16,158.85,57,12,20,Sunny
2021-05-23,112.1,21,16,26,Cloudy
2021-05-30,153.41,40,16,34,Cloudy
2021-06-06,147.72,52,10,34,Sunny
2021-06-13,138.46,31,23,37,Cloudy
2021-06-20,154.92,41,23,33,Cloudy
2021-06-27,172.47,44,10,42,Sunny
2021-07-04,149.15,46,8,39,Sunny
2021-07-11,176.01,47,18,30,Sunny
2021-07-18,158.2,35,24,44,Cloudy
2021-07-25,152.53,34,15,36,Sunny
2021-08-01,123.27,22,11,34,Sunny
2021-08-08,132.66,56,13,21,Light Rain
2021-08-15,87.8,26,15,29,Light Rain
2021-08-22,115.31,40,10,26,Cloudy
2021-08-29,138.89,28,23,36,Light Rain
2021-09-05,168.78,58,10,29,Sunny
2021-09-12,143.16,37,21,26,Sunny
2021-09-19,85.08,23,9,24,Cloudy
2021-09-26,99.69,44,10,31,Light Rain
2021-10-03,158.94,33,23,37,Cloudy
2021-10-10,118.86,28,16,36,Light Rain
2021-10-17,143.13,45,11,43,Cloudy
2021-10-24,93.5,21,8,32,Cloudy
2021-10-31,91.79,39,11,33,Light Rain
2021-11-07,119.63,47,8,38,Light Rain
2021-11-14,116.34,26,21,22,Light Rain
2021-11-21,128.32,27,23,20,Cloudy
2021-11-28,155.31,54,15,29,Cloudy
2021-12-05,131.35,33,14,42,Cloudy
2021-12-12,130.96,36,10,37,Cloudy
2021-12-19,171.69,55,24,44,Light Rain
2021-12-26,137.85,59,8,38,Cloudy
2022-01-02,125.44,23,23,21,Sunny
2022-01-09,123.53,21,19,38,Cloudy
2022-01-16,154.73,25,21,40,Sunny
2022-01-23,103.09,23,13,33,Sunny
2022-01-30,150.77,48,13,42,Cloudy
2022-02-06,142.75,37,20,24,Sunny
2022-02-13,128.49,45,15,30,Cloudy
2022-02-20,152.38,53,9,38,Cloudy
2022-02-27,93.97,29,8,27,Light Rain
2022-03-06,166.59,55,22,43,Light Rain
2022-03-13,134.05,33,8,24,Sunny
2022-03-20,126.81,50,12,31,Light Rain
2022-03-27,159.53,34,23,43,Sunny
2022-04-03,91.74,27,11,22,Cloudy
2022-04-10,81.35,33,10,20,Light Rain
2022-04-17,157.41,42,24,40,Cloudy
2022-04-24,162.16,59,24,28,Cloudy
2022-05-01,136.08,40,19,28,Cloudy
2022-05-08,142.07,35,21,35,Cloudy
2022-05-15,90.67,37,13,32,Light Rain
2022-05-22,112.48,43,10,29,Light Rain
2022-05-29,125.92,45,16,26,Light Rain
2022-06-05,146.15,44,12,27,Sunny
2022-06-12,175.05,48,24,43,Light Rain
2022-06-19,130.51,34,21,29,Light Rain
2022-06-26,101.8,20,10,34,Sunny
2022-07-03,97.64,44,8,23,Light Rain
2022-07-10,84.8,26,8,24,Light Rain
2022-07-17,111.53,28,10,31,Sunny
2022-07-24,140.22,43,17,30,Sunny
2022-07-31,98.74,20,10,25,Light Rain
2022-08-07,106.39,27,15,27,Cloudy
2022-08-14,138.23,43,21,26,Cloudy
2022-08-21,126.08,30,22,35,Sunny
2022-08-28,124.51,36,9,44,Light Rain
2022-09-04,131.62,27,17,43,Sunny
2022-09-11,142.29,54,9,19,Sunny
2022-09-18,172.69,54,24,22,Cloudy
2022-09-25,132.28,52,15,22,Cloudy
2022-10-02,75.79,24,8,23,Light Rain
2022-10-09,182.24,58,16,36,Cloudy
2022-10-16,130.93,47,18,25,Sunny
2022-10-23,121.89,26,23,33,Cloudy
2022-10-30,102.95,28,14,30,Cloudy
2022-11-06,102.63,27,17,18,Cloudy
2022-11-13,129.02,31,10,39,Sunny
2022-11-20,145.89,53,20,37,Light Rain
2022-11-27,145.46,52,14,34,Cloudy
2022-12-04,113.27,42,11,24,Cloudy
2022-12-11,166.99,43,20,42,Sunny
2022-12-18,132.18,56,8,30,Light Rain
2022-12-25,165.11,54,15,21,Sunny
2023-01-01,162.05,59,21,21,Light Rain
2023-01-08,137.04,41,23,23,Light Rain
2023-01-15,138.26,46,21,36,Light Rain
2023-01-22,159.97,54,19,29,Cloudy
2023-01-29,148.74,20,22,39,Cloudy
2023-02-05,145.15,54,9,24,Cloudy
2023-02-12,165.59,56,9,44,Sunny
2023-02-19,164.32,33,24,27,Sunny
2023-02-26,130.12,22,17,43,Sunny
2023-03-05,85.32,20,13,36,Light Rain
2023-03-12,117.96,24,22,24,Light Rain
2023-03-19,134.4,45,18,20,Sunny
2023-03-26,108.36,33,12,30,Sunny
2023-04-02,142.41,58,8,30,Light Rain
2023-04-09,134.28,46,15,35,Light Rain
2023-04-16,124.27,28,19,43,Light Rain
2023-04-23,134.39,34,19,37,Cloudy
2023-04-30,121.62,34,12,25,Sunny
2023-05-07,116.92,45,14,26,Light Rain
2023-05-14,111.74,32,11,24,Sunny
2023-05-21,128.68,51,13,18,Cloudy
2023-05-28,166.87,58,20,20,Sunny
2023-06-04,142.21,51,22,30,Light Rain
2023-06-11,115.05,23,10,42,Sunny
2023-06-18,124.47,49,15,34,Cloudy
2023-06-25,200.0,56,23,42,Sunny
2023-07-02,147.9,42,20,41,Light Rain
2023-07-09,138.15,58,17,18,Light Rain
2023-07-16,124.37,34,24,23,Light Rain
2023-07-23,148.74,48,12,38,Cloudy
2023-07-30,154.26,55,16,23,Sunny
2023-08-06,147.67,32,19,43,Sunny
2023-08-13,138.78,51,8,29,Cloudy
2023-08-20,99.08,26,8,30,Cloudy
2023-08-27,179.93,41,22,30,Sunny
2023-09-03,160.7,47,9,32,Sunny
2023-09-10,148.83,21,23,38,Sunny
2023-09-17,104.88,25,15,33,Cloudy
2023-09-24,155.85,47,20,39,Cloudy
2023-10-01,126.48,47,8,38,Cloudy
2023-10-08,147.3,39,23,28,Cloudy
2023-10-15,108.09,49,14,22,Cloudy
2023-10-22,97.41,30,12,21,Cloudy
2023-10-29,131.43,47,10,20,Sunny
2023-11-05,148.76,44,19,36,Sunny
2023-11-12,189.98,58,23,37,Cloudy
2023-11-19,144.61,52,12,42,Cloudy
2023-11-26,109.68,20,21,35,Light Rain
2023-12-03,164.84,46,12,32,Cloudy
2023-12-10,113.89,32,22,26,Cloudy
2023-12-17,113.51,22,24,34,Light Rain
2023-12-24,167.93,58,21,31,Cloudy
2023-12-31,111.48,25,12,32,Sunny
2024-01-07,128.1,27,19,18,Sunny
2024-01-14,164.06,46,23,38,Light Rain
2024-01-21,146.72,28,23,39,Cloudy
2024-01-28,143.77,56,14,39,Light Rain
2024-02-04,156.34,52,11,20,Cloudy
2024-02-11,95.8,43,8,33,Light Rain
2024-02-18,104.67,34,12,40,Light Rain
2024-02-25,154.2,51,17,42,Light Rain
2024-03-03,129.39,51,12,28,Light Rain
2024-03-10,144.38,43,11,29,Sunny
2024-03-17,119.3,31,9,27,Cloudy
2024-03-24,176.8,58,17,33,Sunny
2024-03-31,85.64,21,8,25,Cloudy
2024-04-07,75.0,22,12,23,Light Rain
2024-04-14,182.88,56,20,29,Sunny
2024-04-21,137.82,36,11,41,Sunny
2024-04-28,112.31,21,23,38,Light Rain
2024-05-05,119.93,21,23,25,Cloudy
2024-05-12,153.85,47,9,43,Cloudy
2024-05-19,109.92,42,24,21,Light Rain
2024-05-26,192.61,56,19,43,Sunny
2024-06-02,130.8,51,10,25,Cloudy
2024-06-09,146.48,52,8,43,Light Rain
2024-06-16,102.5,20,8,35,Sunny
2024-06-23,140.01,38,18,22,Cloudy
2024-06-30,86.74,21,12,26,Cloudy
2024-07-07,116.2,45,19,21,Cloudy
2024-07-14,163.02,51,10,44,Cloudy
2024-07-21,108.06,25,8,39,Sunny
2024-07-28,122.7,51,8,34,Cloudy
2024-08-04,90.66,23,15,26,Light Rain
2024-08-11,118.61,30,17,18,Sunny
2024-08-18,148.23,36,18,38,Cloudy
2024-08-25,193.42,57,19,37,Sunny
2024-09-01,135.46,43,20,30,Light Rain
2024-09-08,98.15,24,19,33,Light Rain
2024-09-15,154.37,53,21,30,Light Rain
2024-09-22,100.15,25,9,31,Cloudy
2024-09-29,131.19,41,10,20,Sunny
2024-10-06,131.25,30,24,23,Sunny
2024-10-13,137.5,35,15,35,Sunny
2024-10-20,153.09,52,17,36,Light Rain
2024-10-27,94.47,28,9,22,Light Rain
2024-11-03,135.16,25,16,32,Sunny
2024-11-10,123.32,35,14,42,Light Rain
2024-11-17,132.13,48,11,19,Sunny
2024-11-24,104.04,22,20,27,Light Rain
2024-12-01,148.59,39,18,41,Sunny
2024-12-08,131.33,55,11,35,Light Rain
2024-12-15,150.1,38,11,44,Cloudy
2024-12-22,147.52,45,17,30,Cloudy
2024-12-29,99.52,22,12,22,Sunny
